Query ID,Predicted Cardinality
0,43630.605
1,4550.654
2,207812.11
3,2874524.0
4,61057.4
5,360199.28
6,50.54739
7,986140.44
8,93996.805
9,4052816.2
10,14.006962
11,11455431.0
12,3532773.0
13,5554862.0
14,97423.445
15,77215.18
16,24056.295
17,3721.4055
18,459611.16
19,7642.271
20,921.86017
21,1476288.5
22,32770256.0
23,62.537884
24,171852.44
25,653962.94
26,49153.375
27,49.412395
28,6816.719
29,36020.957
30,678417.2
31,3720.1726
32,19033438.0
33,676004.6
34,8.551502
35,2500.572
36,6522567.0
37,4116344.2
38,5468622.0
39,499741.94
40,2882765.5
41,180655.5
42,368548.8
43,8896.232
44,231048.88
45,50.641903
46,8178.497
47,24.486662
48,75438.484
49,1677102.9
50,85782.29
51,23220962.0
52,4653107.0
53,53443.36
54,6414541.5
55,25108.78
56,73663.125
57,807060.06
58,336.693
59,497747.75
60,1479024.4
61,94546.77
62,491475.47
63,18675.383
64,1327.5767
65,56.77825
66,216310.47
67,92383.516
68,1601946.4
69,106852.266
70,2949698.8
71,72903.22
72,5131.1606
73,538105.44
74,1081868.4
75,53564.844
76,6364874.5
77,12424309.0
78,21457086.0
79,1482481.4
80,83119.73
81,131.885
82,10031988.0
83,209448.9
84,55325.72
85,232797.69
86,452725.66
87,7290451.5
88,388.10696
89,737708.44
90,4726655.5
91,780709.1
92,803495.94
93,18639.879
94,28327.22
95,14828399.0
96,164726.06
97,185.63931
98,10709260.0
99,10.838321
100,170324.9
101,360242.16
102,22455.629
103,115641.586
104,209451.56
105,9.964622
106,5578813.5
107,488601.56
108,4890248.5
109,1793038.0
110,10.772828
111,14.939326
112,303595.72
113,2162193.8
114,36951.05
115,1890430.2
116,26.058651
117,38856.676
118,4697.5254
119,123129.07
120,12.942476
121,3143228.8
122,387940.2
123,43520.504
124,5594119.5
125,339554.94
126,15609579.0
127,422093.66
128,1042662.75
129,114593.15
130,117458.47
131,111209.09
132,48750.15
133,591550.94
134,58.86723
135,981237.4
136,15.067027
137,111724.57
138,4074479.8
139,230349.83
140,2601542.8
141,6807104.5
142,651.38635
143,15970.08
144,65111.37
145,907030.9
146,1218275.4
147,5328357.5
148,10.950983
149,451773.97
150,4398186.5
151,1240814.4
152,41769496.0
153,77396.4
154,719948.5
155,11467816.0
156,8763649.0
157,802211.44
158,283003.6
159,29.194506
160,326282.66
161,16745550.0
162,107138.125
163,1495969.8
164,8674891.0
165,3718080.8
166,17525404.0
167,18128448.0
168,71980.93
169,41.995804
170,2595813.8
171,4883775.5
172,35962.67
173,1695254.2
174,329724.9
175,330.55942
176,1302.2706
177,2268780.8
178,151107.03
179,6702274.5
180,7566364.0
181,294108.0
182,11.074008
183,311264.1
184,5357657.5
185,13116874.0
186,38553.766
187,1333310.2
188,656501.94
189,931.34644
190,25814448.0
191,18181576.0
192,9030371.0
193,20.371382
194,42.628872
195,16316.13
196,23411958.0
197,17355.697
198,12.095804
199,159968.64
200,8.668377
201,1381682.6
202,12358893.0
203,199100.22
204,32170532.0
205,14520351.0
206,17.370815
207,6006.8286
208,3152978.5
209,3707979.8
210,76133.65
211,2692822.0
212,11.799844
213,585322.75
214,41000.97
215,85.805786
216,39071.105
217,3084732.2
218,1383211.0
219,1205649.4
220,28.665943
221,527.70215
222,253419.03
223,302174.88
224,558377.3
225,11892811.0
226,233450.72
227,56368.72
228,59.3525
229,6977368.0
230,1905604.5
231,12737823.0
232,82.85148
233,48168.832
234,760546.44
235,463077.2
236,272328.75
237,1329569.9
238,15929.911
239,4243537.0
240,3044711.0
241,17054086.0
242,60.12772
243,11198.036
244,1320942.6
245,197380.64
246,742471.2
247,5928107.0
248,283480.28
249,110716.63
250,23361.684
251,116741.02
252,1917.7611
253,2148249.2
254,4157287.8
255,10243289.0
256,25.841808
257,1436469.4
258,9185172.0
259,856739.3
260,62723.383
261,203126.67
262,60952.844
263,13507.053
264,417392.62
265,802353.9
266,17503120.0
267,8811618.0
268,105485.93
269,8.910713
270,253207.31
271,1495456.1
272,1879127.1
273,8565134.0
274,123108.23
275,38988580.0
276,978515.94
277,82865.4
278,735.50854
279,7593781.0
280,453.32895
281,1018738.06
282,9.642653
283,2558.0618
284,7173063.0
285,648341.2
286,42032.16
287,1684111.4
288,76472.836
289,399066.3
290,73162.02
291,46.88146
292,9283511.0
293,1634150.6
294,21440.812
295,25.03981
296,923986.06
297,238847.4
298,736857.2
299,16496.184
300,6714569.5
301,10.980283
302,29536.184
303,302053.9
304,266574.4
305,182201.25
306,7171.2935
307,12263719.0
308,946157.44
309,348202.22
310,6086550.5
311,64.29804
312,9.769743
313,199054.75
314,40721.32
315,18220598.0
316,47.491085
317,17995.33
318,14.649703
319,3606.4
320,334.73682
321,30184.355
322,9504619.0
323,298113.47
324,773.7073
325,6369851.5
326,30608.328
327,61.919342
328,12.506247
329,499.08615
330,368247.88
331,827431.94
332,10266.3545
333,44717.98
334,61172.336
335,45.04651
336,80166.68
337,6364330.5
338,3045428.2
339,13.966192
340,12.178173
341,537546.25
342,30308472.0
343,7211.1294
344,9.200756
345,33.85918
346,192145.89
347,152465.44
348,93565.25
349,10020.432
350,72529.02
351,180446.47
352,263057.0
353,709579.3
354,737478.94
355,845103.94
356,3527.1995
357,17563052.0
358,3399433.8
359,928626.75
360,16076.049
361,2072309.9
362,366980.34
363,20883224.0
364,889298.1
365,73423.05
366,256615.11
367,14130957.0
368,7262790.5
369,6986035.0
370,100704.91
371,56.065205
372,28431.975
373,263837.47
374,32138.363
375,2350467.0
376,3012.8286
377,2020869.9
378,16244649.0
379,19.73189
380,14930.828
381,55.62321
382,8081593.0
383,8237744.0
384,8783896.0
385,19.26781
386,2070767.6
387,484667.9
388,1933662.1
389,801140.8
390,71817640.0
391,10139871.0
392,29278.246
393,67.22909
394,15421864.0
395,15.393603
396,3889.8987
397,665005.6
398,214618.55
399,27482662.0
400,3774271.8
401,856.1878
402,24307.998
403,3063.9392
404,11.247269
405,5984755.5
406,14570599.0
407,244409.1
408,11866584.0
409,1447.0571
410,19267420.0
411,106566.97
412,370741.03
413,47.867004
414,255048.05
415,199398.64
416,82326.14
417,3912126.2
418,11257839.0
419,710086.1
420,7101305.5
421,406931.3
422,28038.076
423,9.285248
424,15193.033
425,639298.94
426,48556.086
427,17.86878
428,144598.38
429,20381.986
430,291.8341
431,3396376.2
432,50.191093
433,3086.065
434,41023.652
435,1878393.5
436,4941320.0
437,9443.202
438,5521389.0
439,3205858.2
440,9.441822
441,9619.342
442,11.477428
443,57.522503
444,2961951.5
445,62455.223
446,197869.31
447,12226.15
448,1825639.8
449,257576.31
450,50.64502
451,156174.75
452,3671445.2
453,16172715.0
454,22835.223
455,2049331.6
456,4133504.8
457,135746.02
458,11054943.0
459,7085.912
460,119139.77
461,269997.9
462,22444.297
463,6165347.5
464,254358.72
465,14531.465
466,2646952.2
467,11.397433
468,9.737661
469,346.9517
470,147261.02
471,196338.84
472,26496.46
473,2349.652
474,1579331.2
475,15.338289
476,502529.56
477,430438.9
478,1261811.6
479,7718782.5
480,381.94565
481,482610.22
482,434380.53
483,775148.6
484,841619.3
485,944333.5
486,4741.122
487,596685.44
488,9.808256
489,1419175.8
490,22656.777
491,38.613136
492,3653041.5
493,27.89166
494,17405.387
495,196715.42
496,382883.7
497,5204.158
498,62.8246
499,23.347343
500,13825999.0
501,14821.548
502,125.24971
503,7733.168
504,9010455.0
505,9787.763
506,20129.643
507,31938.977
508,55.030437
509,723746.8
510,34.464752
511,11.767423
512,1280821.4
513,309873.25
514,10274521.0
515,200888.1
516,23738.316
517,704075.06
518,11596660.0
519,32732.266
520,9036.899
521,9450.924
522,687782.8
523,15.295066
524,19152.389
525,7284.609
526,43.35004
527,8008.574
528,1840665.9
529,14311.264
530,273504.34
531,7554613.0
532,23723728.0
533,727358.94
534,839013.9
535,13088533.0
536,15.448714
537,74277.74
538,15486583.0
539,369470.12
540,11.764489
541,26980934.0
542,10869689.0
543,219423.94
544,14.689424
545,87.855545
546,217043.16
547,315.8278
548,103681.98
549,796.7474
550,75.32848
551,37521.695
552,2541784.8
553,13842.913
554,15.516109
555,1073725.2
556,83940.76
557,13633496.0
558,215671.66
559,401663.38
560,76.09069
561,100810.54
562,51655.465
563,2536549.8
564,3131985.0
565,40824.223
566,7828316.5
567,8882273.0
568,10.448017
569,9069715.0
570,2520628.5
571,36467876.0
572,102687.02
573,155475.28
574,191377.27
575,37236.613
576,2223700.8
577,888523.06
578,176135.69
579,78568.71
580,19764.043
581,202866.08
582,5119339.5
583,911275.8
584,58711.277
585,793446.2
586,7127400.0
587,363563.9
588,5224593.0
589,307.3614
590,3944672.2
591,22946.51
592,78430.98
593,4438124.0
594,549.16656
595,117144.414
596,163077.1
597,6096497.5
598,360563.66
599,58965.152
600,221.37419
601,7229016.5
602,548787.94
603,730643.25
604,36286.637
605,228513.25
606,10306651.0
607,2726728.8
608,5060294.5
609,14483.284
610,13938.3955
611,10078287.0
612,136829.95
613,71.78499
614,105530.53
615,3130935.5
616,12608.795
617,50.753574
618,39251.996
619,2549793.2
620,5629.1177
621,5096201.5
622,69614.805
623,1059.666
624,64990.77
625,131455.67
626,8062371.5
627,21498.014
628,601774.44
629,1098723.4
630,212331.83
631,12.38077
632,5403839.5
633,50.268307
634,14424.039
635,24910412.0
636,27219416.0
637,233667.27
638,36375.48
639,213432.38
640,250113.9
641,934315.8
642,560.57526
643,935018.2
644,7051895.5
645,455703.44
646,364197.2
647,171219.17
648,2436149.8
649,59.067665
650,9014797.0
651,18.491411
652,946788.94
653,32591.01
654,8958341.0
655,146224.42
656,49.171764
657,5027676.5
658,430.7569
659,11.543781
660,1128538.9
661,85103.75
662,23184.627
663,925042.25
664,1182883.4
665,69085.19
666,349555.97
667,50103.86
668,58.42871
669,201315.31
670,47143.418
671,417501.78
672,65.58523
673,13921114.0
674,49.555088
675,6984035.5
676,967415.44
677,949.58545
678,14667856.0
679,1598720.8
680,118.32349
681,52.483574
682,1542589.1
683,92.45688
684,4626401.0
685,1783880.4
686,35821.34
687,22214.8
688,5524.325
689,18365.023
690,91574.19
691,519289.62
692,12955205.0
693,869705.06
694,63.422367
695,172396.27
696,4221112.0
697,4804341.5
698,6360234.0
699,12002253.0
700,5246799.5
701,134631.16
702,312133.06
703,50.411854
704,3589115.8
705,11.927156
706,795622.06
707,111719.45
708,544452.8
709,227916.19
710,8509515.0
711,147916.31
712,36110.836
713,2001322.2
714,15957.33
715,7076.2236
716,12482294.0
717,6885.8853
718,484.0117
719,13567942.0
720,209234.47
721,1197783.1
722,13064249.0
723,49.212612
724,23814450.0
725,3967435.5
726,1108764.9
727,3702220.0
728,16298259.0
729,864554.4
730,455086.06
731,2018896.6
732,55.880024
733,1751284.8
734,830189.5
735,52555.145
736,224876.05
737,1283810.2
738,303526.97
739,945.32184
740,130006.74
741,6718360.5
742,3354878.0
743,20655854.0
744,8263957.5
745,16285934.0
746,15.199232
747,10.126827
748,2021396.6
749,108932.234
750,328144.34
751,9.749662
752,505105.84
753,58629.88
754,12685269.0
755,61.77595
756,18278.969
757,341678.28
758,12374655.0
759,58.746983
760,486295.06
761,385884.66
762,411247.94
763,325545.97
764,51.076107
765,467655.78
766,1741.312
767,7394.635
768,169413.47
769,68834.58
770,107645.695
771,1001314.94
772,8503779.0
773,60.198357
774,18193644.0
775,20.193811
776,19931.168
777,1005821.44
778,17821700.0
779,42593.57
780,1682582.5
781,24.59399
782,110482.27
783,12386085.0
784,14366265.0
785,154495.92
786,40153.6
787,9292665.0
788,218887.36
789,1350438.1
790,14662312.0
791,149.6925
792,1929240.5
793,7819.336
794,76142.695
795,1023003.8
796,50807.27
797,162.29042
798,181430.0
799,42986.715
800,10960.748
801,16382.192
802,55686.164
803,25223.14
804,21859.86
805,4169452.8
806,1054363.9
807,5199579.5
808,969.6112
809,477529.72
810,288391.66
811,227859.0
812,11943243.0
813,29502906.0
814,32403.902
815,15608823.0
816,49.88754
817,2513569.2
818,263622.34
819,282282.4
820,753883.3
821,4899417.0
822,55729.457
823,5195523.0
824,15.456631
825,64628120.0
826,20941800.0
827,5061452.5
828,343955.25
829,44692.215
830,471739.22
831,4868142.5
832,2726748.2
833,830374.25
834,15895887.0
835,35.70382
836,2026576.6
837,6993998.0
838,15220271.0
839,89226.375
840,85766.11
841,4587776.5
842,319763.94
843,16704.77
844,30914.453
845,855985.4
846,12.233362
847,812889.06
848,10543690.0
849,4813165.5
850,599935.44
851,17.239521
852,2254367.2
853,332841.66
854,1431932.5
855,636739.8
856,13621245.0
857,80951.19
858,8797485.0
859,257306.22
860,20087326.0
861,7.3446813
862,10.758813
863,9640701.0
864,8413218.0
865,43.31411
866,35258.77
867,1472870.1
868,3247919.8
869,7033283.5
870,7583079.0
871,7706.367
872,1881661.9
873,564573.94
874,1952800.5
875,4339021.5
876,63144.62
877,26011842.0
878,9893.607
879,397315.44
880,13193619.0
881,234202.69
882,44581.26
883,33544.88
884,1187067.5
885,14297.752
886,2273801.8
887,3360429.0
888,4668426.5
889,144188.53
890,9.967733
891,95168.83
892,534676.1
893,8226.034
894,12.008608
895,3812272.8
896,13930.187
897,10376323.0
898,483314.34
899,64.2817
900,808187.06
901,49.82102
902,92416.695
903,302.84448
904,47279.805
905,61.40019
906,276932.6
907,5937382.0
908,991306.56
909,7241365.5
910,64.64777
911,12388477.0
912,12080.39
913,10352251.0
914,1686591.9
915,93.369415
916,1868953.4
917,29.189812
918,826134.2
919,15092.805
920,607585.7
921,751426.06
922,464556.34
923,647636.4
924,1762602.9
925,6849400.5
926,389811.38
927,421.7046
928,1652.3192
929,9543088.0
930,963451.4
931,211622.61
932,16533.62
933,570483.3
934,6222.5923
935,18235244.0
936,201873.67
937,54656.402
938,117441.96
939,353083.4
940,227196.08
941,73.25799
942,238.76381
943,36120.73
944,13.573811
945,49.541878
946,9.438885
947,22160478.0
948,7916.3774
949,77931.69
950,840220.06
951,49.137043
952,1115659.4
953,242361.08
954,392252.97
955,49.11018
956,1210.1079
957,4229.816
958,152248.06
959,943.7143
960,2560396.2
961,272101.1
962,40493.875
963,2138.2993
964,9908583.0
965,2904.7725
966,1260397.5
967,2232137.2
968,5084123.0
969,795.24817
970,707573.7
971,129693.34
972,848915.3
973,2982768.5
974,28067884.0
975,102413.06
976,81737.65
977,712929.44
978,45023.496
979,34221.176
980,2812591.2
981,1118694.0
982,983662.56
983,6128754.5
984,5224469.5
985,10298.393
986,397869.22
987,1742.8611
988,405979.56
989,1602996.1
990,4809.4717
991,103820.46
992,336812.22
993,1948252.9
994,1503474.8
995,2012.189
996,207740.19
997,63.847557
998,828962.06
999,4408.895
1000,614659.06
1001,493450.7
1002,585013.8
1003,155742.94
1004,3617602.2
1005,9250867.0
1006,7539575.5
1007,16579.576
1008,33341.062
1009,1211974.0
1010,764.5498
1011,47.78393
1012,16472.588
1013,1065537.4
1014,3128.3108
1015,10201.925
1016,60829.086
1017,134971.55
1018,12797.299
1019,504205.9
1020,9470807.0
1021,67.84072
1022,1043413.7
1023,34478.25
1024,23609.879
1025,511575.2
1026,35.7337
1027,1209391.9
1028,36.208366
1029,200761.69
1030,5589913.5
1031,353367.9
1032,45293.56
1033,921001.06
1034,84475.93
1035,207526.6
1036,86639.59
1037,211364.66
1038,16034767.0
1039,148.33427
1040,4799874.0
1041,1838300.2
1042,6431959.5
1043,1534369.2
1044,376507.66
1045,8663604.0
1046,6245246.5
1047,3198316.0
1048,646.34
1049,1799711.0
1050,458.93402
1051,62.716682
1052,111551.12
1053,16166027.0
1054,10579530.0
1055,306503.62
1056,417070.72
1057,1237613.1
1058,1036.5797
1059,82229.71
1060,168321.33
1061,49698.316
1062,2836239.2
1063,79356.32
1064,15318.097
1065,145549.53
1066,9419368.0
1067,446438.47
1068,895.6833
1069,174855.0
1070,3834.0847
1071,136246.16
1072,1785.6066
1073,87335.89
1074,48.665325
1075,6889608.0
1076,1333925.6
1077,190184.0
1078,7089242.5
1079,208392.72
1080,14859429.0
1081,11820611.0
1082,8952960.0
1083,259982.53
1084,1518352.4
1085,107.43933
1086,7670929.5
1087,77.72034
1088,54472.766
1089,708.23645
1090,2941861.5
1091,337021.0
1092,14.270644
1093,2282372.5
1094,22759924.0
1095,21954.078
1096,60826.523
1097,316246.8
1098,40.258583
1099,39074.78
1100,443334.06
1101,198393.75
1102,468093.88
1103,5459770.0
1104,3210931.8
1105,20006.258
1106,7710.262
1107,16307698.0
1108,3044834.2
1109,11298.352
1110,49.25408
1111,191655.69
1112,124528.94
1113,927690.06
1114,511067.34
1115,1364914.0
1116,64655.793
1117,5076204.0
1118,1578509.8
1119,23761.754
1120,1146578.6
1121,927623.75
1122,115789.805
1123,168.13031
1124,426773.75
1125,8535328.0
1126,1144075.2
1127,308329.7
1128,62.089012
1129,2027265.5
1130,298851.44
1131,16134.7295
1132,2739753.2
1133,21205860.0
1134,6348304.0
1135,129935.26
1136,2973.5012
1137,9.562598
1138,542675.9
1139,9515544.0
1140,19137.473
1141,16254.557
1142,754306.56
1143,91.87826
1144,1176985.9
1145,4455780.0
1146,2876720.2
1147,405695.03
1148,2286.6992
1149,5122518.0
1150,12172713.0
1151,426587.62
1152,225854.4
1153,9218890.0
1154,224.30914
1155,708495.8
1156,23681992.0
1157,222161.53
1158,808953.56
1159,3568557.5
1160,1964208.6
1161,3873038.8
1162,12278820.0
1163,125591.695
1164,89039.23
1165,494507.1
1166,7763.044
1167,11914011.0
1168,4393604.5
1169,11245.361
1170,17.11331
1171,105.27228
1172,63351.45
1173,70207.15
1174,217387.17
1175,3224276.5
1176,173496.2
1177,9326.977
1178,333311.6
1179,789197.06
1180,2225376.2
1181,381971.0
1182,461981.47
1183,1431675.0
1184,50.0259
1185,862096.44
1186,731501.8
1187,3719792.0
1188,6558.6353
1189,87304.64
1190,219272.31
1191,9956310.0
1192,8405227.0
1193,1265680.2
1194,146.08945
1195,3249886.5
1196,14395803.0
1197,14237063.0
1198,508996.16
1199,181728.72
1200,29.03017
1201,7.9126873
1202,91121.62
1203,517230.1
1204,28605.34
1205,1839533.9
1206,12592475.0
1207,234.07576
1208,28.522402
1209,3923253.2
1210,650608.5
1211,189568.22
1212,234783.73
1213,33652.543
1214,9782575.0
1215,451512.53
1216,544315.94
1217,1190082.4
1218,168440.8
1219,23724.596
1220,11170.795
1221,14.438495
1222,47.9442
1223,2800151.2
1224,2546826.8
1225,29563.395
1226,1176.8832
1227,273958.78
1228,41775.652
1229,59420.88
1230,54.42341
1231,65623.555
1232,432997.47
1233,7217718.0
1234,6436606.5
1235,209.51654
1236,404227.2
1237,17666796.0
1238,50.06949
1239,2004303.2
1240,1429526.1
1241,38137.973
1242,75545.78
1243,161169.28
1244,336650.16
1245,33.82136
1246,11066726.0
1247,2532.3845
1248,3719.186
1249,12112609.0
1250,53.61087
1251,805577.75
1252,642515.75
1253,11087846.0
1254,32320.926
1255,540930.4
1256,3299.955
1257,1159878.2
1258,56.47966
1259,64.59576
1260,6399531.5
1261,7118327.5
1262,117508.97
1263,5464.7
1264,132382.97
1265,17282.527
1266,10.336154
1267,24.920135
1268,510826.25
1269,179.3464
1270,60.064377
1271,1199591.9
1272,263029.34
1273,141980.0
1274,1443378.9
1275,180.43237
1276,65491.676
1277,105855.72
1278,2328104.2
1279,14913831.0
1280,649290.4
1281,4080148.2
1282,677624.6
1283,479151.28
1284,917633.3
1285,217108.1
1286,9803784.0
1287,13582.317
1288,417606.34
1289,23275680.0
1290,2281364.5
1291,9221926.0
1292,131507.53
1293,453581.16
1294,94723.88
1295,1054695.1
1296,4054.7234
1297,3528076.2
1298,297640.34
1299,770858.06
1300,48419.56
1301,231327.52
1302,14681265.0
1303,5156697.5
1304,227601.4
1305,1068447.0
1306,8440.456
1307,8463843.0
1308,11.900813
1309,8588321.0
1310,4139837.8
1311,211811.39
1312,28287.232
1313,216110.36
1314,87439.484
1315,23716268.0
1316,109.823944
1317,7545.4233
1318,166.97758
1319,1526689.0
1320,13085.079
1321,30072.39
1322,1174715.9
1323,1933884.9
1324,483275.53
1325,9433255.0
1326,7703356.5
1327,342556.9
1328,936455.9
1329,1064060.2
1330,55513.348
1331,15423875.0
1332,1764716.6
1333,12322370.0
1334,9212121.0
1335,12330.744
1336,2290456.8
1337,17548922.0
1338,8823.35
1339,909021.5
1340,8281678.5
1341,19.247026
1342,1508222.6
1343,57065580.0
1344,5064.9854
1345,18.269382
1346,644762.8
1347,17152052.0
1348,3002.9146
1349,3633253.0
1350,1242493.1
1351,4341564.0
1352,219745.05
1353,1056900.5
1354,1213296.1
1355,220727.33
1356,3125.7893
1357,7912.148
1358,510301.34
1359,298644.5
1360,9.251075
1361,13353.258
1362,11.346753
1363,58861.227
1364,3870.7192
1365,105312.66
1366,13975.002
1367,117421.055
1368,457641.25
1369,581219.6
1370,170695.56
1371,16173.519
1372,138292.27
1373,2976875.2
1374,235910.06
1375,29213.096
1376,2639904.0
1377,48857560.0
1378,4583868.0
1379,431550.62
1380,6758189.5
1381,76166.32
1382,2435039.2
1383,1249484.4
1384,1326943.5
1385,36709.293
1386,331.42252
1387,6663756.5
1388,142612.38
1389,5134331.5
1390,3438141.8
1391,202799.27
1392,14424.643
1393,3858929.8
1394,91612.82
1395,93.36877
1396,1416.0759
1397,884404.2
1398,517.9996
1399,38.704433
1400,234946.62
1401,1279.151
1402,15102.773
1403,96641.586
1404,4291560.5
1405,10063821.0
1406,463439.62
1407,41983.402
1408,11829825.0
1409,40384.547
1410,2208919.5
1411,6547098.5
1412,143079.9
1413,4248601.0
1414,24243.922
1415,884089.75
1416,3747276.8
1417,17087.752
1418,63911.5
1419,5737186.5
1420,304103.88
1421,29.048962
1422,1484730.5
1423,32427.621
1424,162517.78
1425,6198597.5
1426,163479.95
1427,11415.121
1428,10196.318
1429,11418.569
1430,164576.44
1431,62688.285
1432,2012910.8
1433,12.2689495
1434,423622.9
1435,46506.766
1436,1072673.1
1437,21538036.0
1438,26414.797
1439,4636.226
1440,334640.2
1441,335234.28
1442,923564.44
1443,119043.08
1444,18068048.0
1445,10.5067425
1446,1732158.8
1447,10901.98
1448,220744.16
1449,1062645.0
1450,350.53455
1451,11.840653
1452,39997.32
1453,2975713.2
1454,265798.84
1455,59201.52
1456,112078.55
1457,6565845.5
1458,7372.003
1459,2877787.5
1460,23411542.0
1461,290378.28
1462,222523.0
1463,26758048.0
1464,284838.88
1465,718112.1
1466,914849.25
1467,22016.09
1468,22750.305
1469,623263.94
1470,886324.5
1471,67216.125
1472,841133.44
1473,50164.01
1474,17978.857
1475,8236337.0
1476,15657740.0
1477,34836.56
1478,1885437.6
1479,5158258.0
1480,564902.06
1481,2100558.2
1482,227320.02
1483,225752.78
1484,555982.9
1485,286340.0
1486,744815.6
1487,2725176.8
1488,2614143.8
1489,2503.7874
1490,29040.074
1491,10.230211
1492,965219.75
1493,4307.5693
1494,159703.81
1495,504492.9
1496,271248.4
1497,1597149.8
1498,16.966028
1499,294.05713
1500,300.02914
1501,14.005074
1502,834190.56
1503,2937605.0
1504,50.016914
1505,13811748.0
1506,254.26578
1507,21664.879
1508,56870.95
1509,3256096.8
1510,20051760.0
1511,9306.869
1512,6223.7344
1513,11.269936
1514,1212525.2
1515,5484.6655
1516,1090.5314
1517,57740.348
1518,1246297.1
1519,14440358.0
1520,82239.32
1521,44042.676
1522,2590392.8
1523,10.607373
1524,1059471.6
1525,3579246.8
1526,354492.1
1527,374501.28
1528,2598170.0
1529,393730.28
1530,1836675.6
1531,180695.38
1532,11.024433
1533,7815467.5
1534,11.784628
1535,3026.0352
1536,19378452.0
1537,58026.348
1538,29921.662
1539,116453.36
1540,161395.42
1541,287022.9
1542,500280.03
1543,566700.4
1544,144963.66
1545,35936.883
1546,200795.0
1547,25321.682
1548,15668.957
1549,663501.1
1550,13177956.0
1551,19855350.0
1552,5262749.5
1553,22.594824
1554,73.68013
1555,6643.849
1556,47.56632
1557,13.781079
1558,10082.534
1559,12441838.0
1560,11459.883
1561,5254456.0
1562,8575229.0
1563,44215.84
1564,13313787.0
1565,35331.766
1566,5865.427
1567,1409499.9
1568,57.78708
1569,6740547.5
1570,2628742.5
1571,487907.62
1572,21032.309
1573,2275457.5
1574,649820.2
1575,105255.17
1576,31504.545
1577,13945130.0
1578,72496.77
1579,4997.75
1580,456208.66
1581,5390588.5
1582,240569.75
1583,11228509.0
1584,4269302.0
1585,21410.797
1586,14569.776
1587,184506.2
1588,6876.925
1589,14824311.0
1590,13567911.0
1591,4699.4526
1592,101.743675
1593,74.952446
1594,145820.52
1595,5585.964
1596,8626643.0
1597,25505142.0
1598,105433.01
1599,59.128345
1600,1603.2905
1601,134599.94
1602,21.07549
1603,510670.22
1604,22086832.0
1605,208.66223
1606,780479.7
1607,407785.97
1608,181739.06
1609,1202830.9
1610,58.030357
1611,33079.82
1612,1367569.5
1613,18433534.0
1614,347683.9
1615,60940.566
1616,23792188.0
1617,547256.0
1618,54.501114
1619,5746511.5
1620,426701.38
1621,6822095.5
1622,6212757.0
1623,415787.8
1624,399070.1
1625,999698.06
1626,2103358.5
1627,2298.1738
1628,114.69091
1629,9415538.0
1630,824702.8
1631,23738092.0
1632,139.59476
1633,34181.168
1634,16648110.0
1635,4093.4128
1636,11.928667
1637,378597.66
1638,214999.1
1639,56271.74
1640,19.90129
1641,316801.7
1642,1811486.9
1643,6068362.0
1644,4770.6714
1645,36.624687
1646,141427.28
1647,20.994175
1648,11.975637
1649,12.085481
1650,495798.47
1651,4878522.5
1652,13048160.0
1653,235710.67
1654,11058.637
1655,6738452.5
1656,5185437.5
1657,4053198.2
1658,1023.86383
1659,11.421368
1660,89238.95
1661,81010.84
1662,2148128.0
1663,64983.56
1664,5696177.0
1665,2441017.0
1666,969593.0
1667,19617.184
1668,16.199377
1669,51.77742
1670,16773.264
1671,5762142.5
1672,10984.052
1673,336466.4
1674,2551568.0
1675,6120469.5
1676,11656797.0
1677,6363529.5
1678,18.687923
1679,56.539814
1680,229557.77
1681,2232706.2
1682,27658.793
1683,3546902.8
1684,9377331.0
1685,904820.75
1686,158810.53
1687,4089946.8
1688,230119.84
1689,28600126.0
1690,798231.25
1691,13609567.0
1692,675067.06
1693,2278679.0
1694,5274.562
1695,61.560642
1696,3295.28
1697,14418323.0
1698,761250.8
1699,599498.75
1700,15230461.0
1701,6138388.5
1702,22981.834
1703,11.45934
1704,7553059.5
1705,2075461.1
1706,2021865.1
1707,1342010.4
1708,13.305444
1709,14770123.0
1710,154659.12
1711,265893.9
1712,822779.25
1713,29571.94
1714,57.995773
1715,462338.53
1716,13942365.0
1717,7626095.5
1718,16.982029
1719,17674.117
1720,35290.816
1721,21967.176
1722,811642.25
1723,161862.55
1724,1776757.0
1725,9703935.0
1726,1015455.8
1727,2543245.0
1728,3236581.0
1729,82875.625
1730,3448050.2
1731,1063585.8
1732,266.13428
1733,8959258.0
1734,232107.83
1735,86365.305
1736,4114880.5
1737,51640.957
1738,18959312.0
1739,173.65526
1740,867321.2
1741,1035893.8
1742,38710.996
1743,65048.15
1744,9343.106
1745,20576.203
1746,1584619.2
1747,808261.44
1748,34519.293
1749,7154208.0
1750,1156994.2
1751,16725393.0
1752,45474.406
1753,848756.75
1754,20350.54
1755,3373701.5
1756,16.774227
1757,16.597286
1758,5880827.0
1759,11.472284
1760,782851.7
1761,220321.27
1762,105.167435
1763,42488.01
1764,6152039.0
1765,379807.88
1766,23781226.0
1767,95.44468
1768,515126.88
1769,113177.586
1770,10.941643
1771,94.62312
1772,20912.17
1773,862742.8
1774,20344416.0
1775,207521.4
1776,12581640.0
1777,50.76622
1778,55.171165
1779,14626102.0
1780,7875.413
1781,5913086.0
1782,114108.555
1783,412374.1
1784,4576039.5
1785,245845.5
1786,11399587.0
1787,1676221.4
1788,1305624.0
1789,11819.855
1790,17421.197
1791,1876277.8
1792,859630.94
1793,7474906.5
1794,6811.9546
1795,782105.3
1796,55.22626
1797,21245316.0
1798,21476000.0
1799,2853068.0
1800,16062599.0
1801,801845.2
1802,29.956383
1803,6689766.0
1804,379131.47
1805,12.194118
1806,9777.61
1807,17556468.0
1808,1137795.8
1809,2242125.2
1810,23327.162
1811,284.20148
1812,223867.23
1813,315230.2
1814,12573213.0
1815,17566194.0
1816,2464.341
1817,375051.44
1818,12822089.0
1819,124708.9
1820,25967.2
1821,1369972.2
1822,3062904.8
1823,186016.06
1824,11509134.0
1825,2817844.2
1826,206336.47
1827,1321212.6
1828,19192.496
1829,288391.66
1830,2880290.5
1831,705048.3
1832,10886662.0
1833,458647.6
1834,75739.37
1835,16567516.0
1836,1373957.5
1837,496729.53
1838,11201640.0
1839,454800.12
1840,588436.8
1841,25812.602
1842,10222317.0
1843,271615.4
1844,61253.82
1845,24.524103
1846,142715.72
1847,63.723953
1848,976183.44
1849,616416.4
1850,184245.67
1851,6868967.5
1852,3454055.0
1853,126892.914
1854,8620628.0
1855,22081820.0
1856,74744.516
1857,7186.8916
1858,34282.617
1859,13061431.0
1860,229366.6
1861,13.1228
1862,8656691.0
1863,39671.16
1864,70.73525
1865,12480109.0
1866,1122235.4
1867,6084127.5
1868,18331834.0
1869,585033.94
1870,317912.6
1871,898523.75
1872,29711046.0
1873,12802784.0
1874,93.47723
1875,19995.059
1876,32843.254
1877,15.764022
1878,146070.9
1879,404921.16
1880,394554.84
1881,157328.4
1882,151568.72
1883,60291.734
1884,3487975.8
1885,116595.02
1886,84886.445
1887,53.706455
1888,805024.0
1889,12535415.0
1890,7666085.5
1891,631725.7
1892,31029.242
1893,65.95263
1894,422779.44
1895,239286.56
1896,6592685.0
1897,720549.9
1898,210186.8
1899,43032.78
1900,1340419.1
1901,7985609.5
1902,12888.527
1903,4182.9653
1904,11.570629
1905,5219268.5
1906,112780.23
1907,753.04834
1908,9.996693
1909,139612.14
1910,36.837086
1911,13293827.0
1912,289196.66
1913,584.018
1914,22493.957
1915,14.599243
1916,5425354.5
1917,268511.9
1918,58.792667
1919,823789.3
1920,8984.204
1921,445139.97
1922,241.31967
1923,97.48455
1924,1547721.6
1925,32341.87
1926,21500182.0
1927,6936600.0
1928,161697.66
1929,12309795.0
1930,1836391.4
1931,56141.668
1932,356335.34
1933,559554.56
1934,626761.3
1935,1444319.1
1936,2621361.8
1937,629432.56
1938,48.981354
1939,19944.229
1940,205459.86
1941,57020.254
1942,24257.316
1943,16122.737
1944,494635.84
1945,8162170.5
1946,2922921.8
1947,24900.959
1948,35567.707
1949,1210426.0
1950,1654.5242
1951,11727991.0
1952,200494.25
1953,28157836.0
1954,11553.141
1955,62504.535
1956,290.47458
1957,282854.6
1958,866002.1
1959,5719.9526
1960,5720352.5
1961,1925481.4
1962,6070782.5
1963,827040.5
1964,220571.9
1965,16912170.0
1966,37818.344
1967,351817.78
1968,3728175.0
1969,19.994873
1970,11549.125
1971,1131835.6
1972,143223.16
1973,12762009.0
1974,10.64389
1975,62.816395
1976,632.3021
1977,2865.143
1978,2582166.8
1979,12156957.0
1980,4859.974
1981,177486.95
1982,19844.17
1983,55.13751
1984,4939083.5
1985,18723.926
1986,340386.25
1987,673033.3
1988,22.034107
1989,10043781.0
1990,1816667.0
1991,9804.249
1992,6086.7075
1993,49279.24
1994,23.92313
1995,629226.8
1996,1302.3652
1997,58547.67
1998,42884.277
1999,60716.598
